Workbook

Sheet Summary
A1: Blockmancer Release 1.0 SFX / Audio Checklist
A2: Separated from visual assets. Includes BGM, ambient audio, board/block/combat/spell/UI SFX, and audio fallback rules.
A4: Category Sheet | B4: Original Category | C4: Total Assets | D4: Done | E4: Remaining | F4: Progress
A5: 00 SFX Runtime Rules | B5: SFX / Audio Runtime Rules | C5: =COUNTA('00 SFX Runtime Rules'!$B$5:$B$10000) | D5: =COUNTIF('00 SFX Runtime Rules'!$A$5:$A$10000,"☑") | E5: =C5-D5 | F5: =IFERROR(D5/C5,0)
A6: 00 Audio Placeholder | B6: 0. Audio Placeholder Assets | C6: =COUNTA('00 Audio Placeholder'!$B$5:$B$10000) | D6: =COUNTIF('00 Audio Placeholder'!$A$5:$A$10000,"☑") | E6: =C6-D6 | F6: =IFERROR(D6/C6,0)
A7: 01 BGM | B7: 1. Background Music Assets | C7: =COUNTA('01 BGM'!$B$5:$B$10000) | D7: =COUNTIF('01 BGM'!$A$5:$A$10000,"☑") | E7: =C7-D7 | F7: =IFERROR(D7/C7,0)
A8: 02 Ambient Audio | B8: 2. Ambient Audio Assets | C8: =COUNTA('02 Ambient Audio'!$B$5:$B$10000) | D8: =COUNTIF('02 Ambient Audio'!$A$5:$A$10000,"☑") | E8: =C8-D8 | F8: =IFERROR(D8/C8,0)
A9: 03 SFX - Board | B9: 3. Sound Effect Assets — Board | C9: =COUNTA('03 SFX - Board'!$B$5:$B$10000) | D9: =COUNTIF('03 SFX - Board'!$A$5:$A$10000,"☑") | E9: =C9-D9 | F9: =IFERROR(D9/C9,0)
A10: 04 SFX - Special Blocks | B10: 4. Sound Effect Assets — Special Blocks | C10: =COUNTA('04 SFX - Special Blocks'!$B$5:$B$10000) | D10: =COUNTIF('04 SFX - Special Blocks'!$A$5:$A$10000,"☑") | E10: =C10-D10 | F10: =IFERROR(D10/C10,0)
A11: 05 SFX - Combat | B11: 5. Sound Effect Assets — Combat | C11: =COUNTA('05 SFX - Combat'!$B$5:$B$10000) | D11: =COUNTIF('05 SFX - Combat'!$A$5:$A$10000,"☑") | E11: =C11-D11 | F11: =IFERROR(D11/C11,0)
A12: 06 SFX - Spells | B12: 6. Sound Effect Assets — Spells | C12: =COUNTA('06 SFX - Spells'!$B$5:$B$10000) | D12: =COUNTIF('06 SFX - Spells'!$A$5:$A$10000,"☑") | E12: =C12-D12 | F12: =IFERROR(D12/C12,0)
A13: 07 SFX - UI | B13: 7. Sound Effect Assets — UI | C13: =COUNTA('07 SFX - UI'!$B$5:$B$10000) | D13: =COUNTIF('07 SFX - UI'!$A$5:$A$10000,"☑") | E13: =C13-D13 | F13: =IFERROR(D13/C13,0)
A16: Workbook Notes
A17: Audio assets use OGG for runtime; WAV/FLAC source is optional for production handoff.
A18: BGM and ambient entries should be loopable; SFX entries should be short one-shots.
A19: Missing audio must use placeholder_audio_silence.ogg and never crash gameplay.
A20: The 627x627 visual source-art contract does not apply to audio.

Sheet 00 SFX Runtime Rules
A1: SFX / Audio Runtime Rules
A2: Separated from visual assets. Audio files stay in audio/ folders and are not affected by the 627x627 visual source-art contract.
A4: Audio Category | B4: Final Folder (relative to public/assets) | C4: Filename Pattern | D4: Source / Export Format | E4: Loop / One-shot | F4: Runtime Notes
A5: BGM loop | B5: audio/bgm/ | C5: {bgm_id}.ogg | D5: OGG runtime; WAV/FLAC source optional | E5: Loopable track | F5: Music volume; fallback to placeholder silence
A6: Ambient loop | B6: audio/ambient/ | C6: {amb_id}.ogg | D6: OGG runtime; WAV/FLAC source optional | E6: Loopable ambient bed | F6: Ambient/music bus; no harsh horror tone
A7: Board SFX | B7: audio/sfx/board/ | C7: {sfx_id}.ogg | D7: OGG runtime; WAV source optional | E7: One-shot SFX | F7: Short, responsive, mobile-friendly
A8: Block SFX | B8: audio/sfx/blocks/ | C8: {sfx_id}.ogg | D8: OGG runtime; WAV source optional | E8: One-shot SFX | F8: Special block feedback: sprinkle, cupcake, bomb, star, junk, etc.
A9: Combat SFX | B9: audio/sfx/combat/ | C9: {sfx_id}.ogg | D9: OGG runtime; WAV source optional | E9: One-shot SFX | F9: Enemy hit, player hit, victory/defeat, boss intro
A10: Spell SFX | B10: audio/sfx/spells/ | C10: {sfx_id}.ogg | D10: OGG runtime; WAV source optional | E10: One-shot SFX | F10: Cast sounds for 15 Release 1.0 spells
A11: UI SFX | B11: audio/sfx/ui/ | C11: {sfx_id}.ogg | D11: OGG runtime; WAV source optional | E11: One-shot SFX | F11: Button tap/confirm/cancel/disabled/reward/shop
A12: Audio fallback | B12: placeholders/ | C12: placeholder_audio_silence.ogg | D12: Silent OGG | E12: Fallback | F12: Missing audio must never crash runtime

Sheet 00 Audio Placeholder
A1: 0. Audio Placeholder Assets
A2: Audio fallbacks only. Visual fallbacks live in the separate Asset workbook.
A4: Done? | B4: Asset Key | C4: Suggested Path | D4: Designer Description | E4: Priority | F4: Source / Export Size | G4: Runtime Render Size | H4: Exact Frames / Count | I4: Final Folder Structure (relative to public/assets) | J4: Audit / Release Note | K4: GDD Theme / Prompt Note
A5: ☐ | B5: placeholder_audio_silence | C5: placeholders/placeholder_audio_silence.ogg | D5: Silent audio file used when a BGM, ambient loop, or SFX key is missing. | E5: P0 fallback | F5: OGG silent loop/one-shot | G5: N/A audio | H5: Static fallback audio | I5: placeholders/ | J5: Audio fallback must be safe and nonfatal. | K5: Friendly silent fallback; no harsh debug sound.

Sheet 01 BGM
A1: 1. Background Music Assets
A2: Tracking sheet generated from the uploaded markdown. Done? is unchecked by default.
A4: Done? | B4: Asset Key | C4: Suggested Folder | D4: Designer Description | E4: Priority | F4: Source / Export Size | G4: Runtime Render Size | H4: Exact Frames / Count | I4: Final Folder Structure (relative to public/assets) | J4: Audit / Release Note | K4: GDD Theme / Prompt Note
A5: ☐ | B5: bgm_title_festival_loop | C5: audio/bgm/ | D5: Upbeat magical festival title theme with bright bells and playful rhythm. | E5: P0 | F5: OGG runtime loop; WAV/FLAC source optional | G5: N/A audio; routed through AudioSystem volume/mute settings | H5: Loopable track | I5: audio/bgm/ | J5: Audit: real audio missing/incomplete; fallback-safe but not release-grade. | Separated into SFX/audio workbook 2026-05-19. Visual 627x627 source-art rules do not apply to audio. | K5: Cheerful magical arcade/festival music.
A6: ☐ | B6: bgm_main_menu_cozy_loop | C6: audio/bgm/ | D6: Soft cozy menu loop that feels welcoming and low-pressure. | E6: P0 | F6: OGG runtime loop; WAV/FLAC source optional | G6: N/A audio; routed through AudioSystem volume/mute settings | H6: Loopable track | I6: audio/bgm/ | J6: Audit: real audio missing/incomplete; fallback-safe but not release-grade. | Separated into SFX/audio workbook 2026-05-19. Visual 627x627 source-art rules do not apply to audio. | K6: Cheerful magical arcade/festival music.
A7: ☐ | B7: bgm_hub_brixonia_loop | C7: audio/bgm/ | D7: Cheerful town hub loop with festival crowd warmth and toy-like melody. | E7: P1 | F7: OGG runtime loop; WAV/FLAC source optional | G7: N/A audio; routed through AudioSystem volume/mute settings | H7: Loopable track | I7: audio/bgm/ | J7: Audit: real audio missing/incomplete; fallback-safe but not release-grade. | Separated into SFX/audio workbook 2026-05-19. Visual 627x627 source-art rules do not apply to audio. | K7: Cheerful magical arcade/festival music.
A8: ☐ | B8: bgm_map_adventure_loop | C8: audio/bgm/ | D8: Light adventure map music for choosing roguelike nodes. | E8: P0 | F8: OGG runtime loop; WAV/FLAC source optional | G8: N/A audio; routed through AudioSystem volume/mute settings | H8: Loopable track | I8: audio/bgm/ | J8: Audit: real audio missing/incomplete; fallback-safe but not release-grade. | Separated into SFX/audio workbook 2026-05-19. Visual 627x627 source-art rules do not apply to audio. | K8: Cheerful magical arcade/festival music.
A9: ☐ | B9: bgm_tutorial_playful_loop | C9: audio/bgm/ | D9: Simple friendly tutorial loop with clear, non-distracting energy. | E9: P1 | F9: OGG runtime loop; WAV/FLAC source optional | G9: N/A audio; routed through AudioSystem volume/mute settings | H9: Loopable track | I9: audio/bgm/ | J9: Audit: real audio missing/incomplete; fallback-safe but not release-grade. | Separated into SFX/audio workbook 2026-05-19. Visual 627x627 source-art rules do not apply to audio. | K9: Cheerful magical arcade/festival music.
A10: ☐ | B10: bgm_shop_marnie_loop | C10: audio/bgm/ | D10: Cute shop music with small bells and merchant charm. | E10: P1 | F10: OGG runtime loop; WAV/FLAC source optional | G10: N/A audio; routed through AudioSystem volume/mute settings | H10: Loopable track | I10: audio/bgm/ | J10: Audit: real audio missing/incomplete; fallback-safe but not release-grade. | Separated into SFX/audio workbook 2026-05-19. Visual 627x627 source-art rules do not apply to audio. | K10: Cheerful magical arcade/festival music.
A11: ☐ | B11: bgm_reward_sparkle_loop | C11: audio/bgm/ | D11: Short reward-choice loop with glittery anticipation. | E11: P1 | F11: OGG runtime loop; WAV/FLAC source optional | G11: N/A audio; routed through AudioSystem volume/mute settings | H11: Loopable track | I11: audio/bgm/ | J11: Audit: real audio missing/incomplete; fallback-safe but not release-grade. | Separated into SFX/audio workbook 2026-05-19. Visual 627x627 source-art rules do not apply to audio. | K11: Cheerful magical arcade/festival music.
A12: ☐ | B12: bgm_event_silly_loop | C12: audio/bgm/ | D12: Whimsical loop for random events and funny choices. | E12: P1 | F12: OGG runtime loop; WAV/FLAC source optional | G12: N/A audio; routed through AudioSystem volume/mute settings | H12: Loopable track | I12: audio/bgm/ | J12: Audit: real audio missing/incomplete; fallback-safe but not release-grade. | Separated into SFX/audio workbook 2026-05-19. Visual 627x627 source-art rules do not apply to audio. | K12: Cheerful magical arcade/festival music.
A13: ☐ | B13: bgm_rest_cozy_loop | C13: audio/bgm/ | D13: Relaxed safe-room loop for rest nodes and recovery. | E13: P1 | F13: OGG runtime loop; WAV/FLAC source optional | G13: N/A audio; routed through AudioSystem volume/mute settings | H13: Loopable track | I13: audio/bgm/ | J13: Audit: real audio missing/incomplete; fallback-safe but not release-grade. | Separated into SFX/audio workbook 2026-05-19. Visual 627x627 source-art rules do not apply to audio. | K13: Cheerful magical arcade/festival music.
A14: ☐ | B14: bgm_treasure_twinkle_loop | C14: audio/bgm/ | D14: Sparkly treasure-room loop with magical chest energy. | E14: P1 | F14: OGG runtime loop; WAV/FLAC source optional | G14: N/A audio; routed through AudioSystem volume/mute settings | H14: Loopable track | I14: audio/bgm/ | J14: Audit: real audio missing/incomplete; fallback-safe but not release-grade. | Separated into SFX/audio workbook 2026-05-19. Visual 627x627 source-art rules do not apply to audio. | K14: Cheerful magical arcade/festival music.
A15: ☐ | B15: bgm_victory_fanfare | C15: audio/bgm/ | D15: Short bright fanfare for battle victory and room completion. | E15: P0 | F15: OGG runtime loop; WAV/FLAC source optional | G15: N/A audio; routed through AudioSystem volume/mute settings | H15: Loopable track | I15: audio/bgm/ | J15: Audit: real audio missing/incomplete; fallback-safe but not release-grade. | Separated into SFX/audio workbook 2026-05-19. Visual 627x627 source-art rules do not apply to audio. | K15: Cheerful magical arcade/festival music.
... A30: ☐ | B30: bgm_boss_king_bloxley_loop | C30: audio/bgm/ | D30: Final boss loop: royal, dramatic, funny, and energetic. | E30: P0 | F30: OGG runtime loop; WAV/FLAC source optional | G30: N/A audio; routed through AudioSystem volume/mute settings | H30: Loopable track | I30: audio/bgm/ | J30: Audit: real audio missing/incomplete; fallback-safe but not release-grade. | Separated into SFX/audio workbook 2026-05-19. Visual 627x627 source-art rules do not apply to audio. | K30: Cheerful magical arcade/festival music.

Sheet 02 Ambient Audio
A1: 2. Ambient Audio Assets
A2: Tracking sheet generated from the uploaded markdown. Done? is unchecked by default.
A4: Done? | B4: Asset Key | C4: Suggested Folder | D4: Designer Description | E4: Priority | F4: Source / Export Size | G4: Runtime Render Size | H4: Exact Frames / Count | I4: Final Folder Structure (relative to public/assets) | J4: Audit / Release Note | K4: GDD Theme / Prompt Note
A5: ☐ | B5: amb_festival_crowd_loop | C5: audio/ambience/ | D5: Looping cozy festival crowd, distant cheering, soft chatter, no harsh voices. | E5: P1 | F5: OGG runtime loop; WAV/FLAC source optional | G5: N/A audio; routed through AudioSystem volume/mute settings | H5: Loopable ambient bed | I5: audio/ambient/ | J5: Audit: verify final audio package; fallback-safe. | Separated into SFX/audio workbook 2026-05-19. Visual 627x627 source-art rules do not apply to audio. | K5: Stage atmosphere should stay cozy, playful, and non-horror.
A6: ☐ | B6: amb_stage_sprinkle_sewers_loop | C6: audio/ambience/ | D6: Bubbling candy water, frosting pipe drips, sweet sewer ambience. | E6: P1 | F6: OGG runtime loop; WAV/FLAC source optional | G6: N/A audio; routed through AudioSystem volume/mute settings | H6: Loopable ambient bed | I6: audio/ambient/ | J6: Audit: verify final audio package; fallback-safe. | Separated into SFX/audio workbook 2026-05-19. Visual 627x627 source-art rules do not apply to audio. | K6: Stage atmosphere should stay cozy, playful, and non-horror.
A7: ☐ | B7: amb_stage_goblin_workshop_loop | C7: audio/ambience/ | D7: Small machine hums, gear clicks, springs, distant safe-looking explosions. | E7: P1 | F7: OGG runtime loop; WAV/FLAC source optional | G7: N/A audio; routed through AudioSystem volume/mute settings | H7: Loopable ambient bed | I7: audio/ambient/ | J7: Audit: verify final audio package; fallback-safe. | Separated into SFX/audio workbook 2026-05-19. Visual 627x627 source-art rules do not apply to audio. | K7: Stage atmosphere should stay cozy, playful, and non-horror.
A8: ☐ | B8: amb_stage_frosty_pantry_loop | C8: audio/ambience/ | D8: Freezer hum, ice sparkle, soft cold wind loop. | E8: P1 | F8: OGG runtime loop; WAV/FLAC source optional | G8: N/A audio; routed through AudioSystem volume/mute settings | H8: Loopable ambient bed | I8: audio/ambient/ | J8: Audit: verify final audio package; fallback-safe. | Separated into SFX/audio workbook 2026-05-19. Visual 627x627 source-art rules do not apply to audio. | K8: Stage atmosphere should stay cozy, playful, and non-horror.
A9: ☐ | B9: amb_stage_pillow_castle_loop | C9: audio/ambience/ | D9: Soft fabric rustle, toy squeaks, sleepy castle hush. | E9: P2 | F9: OGG runtime loop; WAV/FLAC source optional | G9: N/A audio; routed through AudioSystem volume/mute settings | H9: Loopable ambient bed | I9: audio/ambient/ | J9: Audit: verify final audio package; fallback-safe. | Separated into SFX/audio workbook 2026-05-19. Visual 627x627 source-art rules do not apply to audio. | K9: Stage atmosphere should stay cozy, playful, and non-horror.
A10: ☐ | B10: amb_stage_starfall_arcade_loop | C10: audio/ambience/ | D10: Arcade cabinet beeps, ticket machine sounds, neon hum. | E10: P2 | F10: OGG runtime loop; WAV/FLAC source optional | G10: N/A audio; routed through AudioSystem volume/mute settings | H10: Loopable ambient bed | I10: audio/ambient/ | J10: Audit: verify final audio package; fallback-safe. | Separated into SFX/audio workbook 2026-05-19. Visual 627x627 source-art rules do not apply to audio. | K10: Stage atmosphere should stay cozy, playful, and non-horror.
A11: ☐ | B11: amb_stage_bloxley_block_palace_loop | C11: audio/ambience/ | D11: Toy palace ambience with flags, confetti cannons, distant royal trumpets. | E11: P2 | F11: OGG runtime loop; WAV/FLAC source optional | G11: N/A audio; routed through AudioSystem volume/mute settings | H11: Loopable ambient bed | I11: audio/ambient/ | J11: Audit: verify final audio package; fallback-safe. | Separated into SFX/audio workbook 2026-05-19. Visual 627x627 source-art rules do not apply to audio. | K11: Stage atmosphere should stay cozy, playful, and non-horror.
A12: ☐ | B12: amb_shop_small_bells_loop | C12: audio/ambience/ | D12: Gentle shop bell and shelf sparkle loop under shop BGM. | E12: P2 | F12: OGG runtime loop; WAV/FLAC source optional | G12: N/A audio; routed through AudioSystem volume/mute settings | H12: Loopable ambient bed | I12: audio/ambient/ | J12: Audit: verify final audio package; fallback-safe. | Separated into SFX/audio workbook 2026-05-19. Visual 627x627 source-art rules do not apply to audio. | K12: Stage atmosphere should stay cozy, playful, and non-horror.
A13: ☐ | B13: amb_treasure_sparkle_loop | C13: audio/ambience/ | D13: Low magical shimmer for treasure room. | E13: P2 | F13: OGG runtime loop; WAV/FLAC source optional | G13: N/A audio; routed through AudioSystem volume/mute settings | H13: Loopable ambient bed | I13: audio/ambient/ | J13: Audit: verify final audio package; fallback-safe. | Separated into SFX/audio workbook 2026-05-19. Visual 627x627 source-art rules do not apply to audio. | K13: Stage atmosphere should stay cozy, playful, and non-horror.

Sheet 03 SFX - Board
A1: 3. Sound Effect Assets — Board
A2: Tracking sheet generated from the uploaded markdown. Done? is unchecked by default.
A4: Done? | B4: Asset Key | C4: Suggested Folder | D4: Designer Description | E4: Priority | F4: Source / Export Size | G4: Runtime Render Size | H4: Exact Frames / Count | I4: Final Folder Structure (relative to public/assets) | J4: Audit / Release Note | K4: GDD Theme / Prompt Note
A5: ☐ | B5: sfx_board_piece_spawn | C5: audio/sfx/board/ | D5: Tiny magical plop when a new piece enters the board. | E5: P0 | F5: OGG runtime one-shot; WAV source optional | G5: N/A audio; routed through AudioSystem volume/mute settings | H5: One-shot SFX | I5: audio/sfx/ | J5: Audit: 12 missing audio files covered by fallback; add final SFX before release. | Separated into SFX/audio workbook 2026-05-19. Visual 627x627 source-art rules do not apply to audio. | K5: Cheerful magical arcade cabinet feedback.
A6: ☐ | B6: sfx_board_piece_move | C6: audio/sfx/board/ | D6: Short soft tick for moving piece left or right. | E6: P0 | F6: OGG runtime one-shot; WAV source optional | G6: N/A audio; routed through AudioSystem volume/mute settings | H6: One-shot SFX | I6: audio/sfx/ | J6: Audit: 12 missing audio files covered by fallback; add final SFX before release. | Separated into SFX/audio workbook 2026-05-19. Visual 627x627 source-art rules do not apply to audio. | K6: Cheerful magical arcade cabinet feedback.
A7: ☐ | B7: sfx_board_piece_rotate | C7: audio/sfx/board/ | D7: Quick twist/pop sound for rotating a piece. | E7: P0 | F7: OGG runtime one-shot; WAV source optional | G7: N/A audio; routed through AudioSystem volume/mute settings | H7: One-shot SFX | I7: audio/sfx/ | J7: Audit: 12 missing audio files covered by fallback; add final SFX before release. | Separated into SFX/audio workbook 2026-05-19. Visual 627x627 source-art rules do not apply to audio. | K7: Cheerful magical arcade cabinet feedback.
A8: ☐ | B8: sfx_board_piece_soft_drop | C8: audio/sfx/board/ | D8: Light repeated drop tap for soft drop movement. | E8: P1 | F8: OGG runtime one-shot; WAV source optional | G8: N/A audio; routed through AudioSystem volume/mute settings | H8: One-shot SFX | I8: audio/sfx/ | J8: Audit: 12 missing audio files covered by fallback; add final SFX before release. | Separated into SFX/audio workbook 2026-05-19. Visual 627x627 source-art rules do not apply to audio. | K8: Cheerful magical arcade cabinet feedback.
A9: ☐ | B9: sfx_board_piece_hard_drop | C9: audio/sfx/board/ | D9: Satisfying thump for instant hard drop. | E9: P0 | F9: OGG runtime one-shot; WAV source optional | G9: N/A audio; routed through AudioSystem volume/mute settings | H9: One-shot SFX | I9: audio/sfx/ | J9: Audit: 12 missing audio files covered by fallback; add final SFX before release. | Separated into SFX/audio workbook 2026-05-19. Visual 627x627 source-art rules do not apply to audio. | K9: Cheerful magical arcade cabinet feedback.
A10: ☐ | B10: sfx_board_piece_lock | C10: audio/sfx/board/ | D10: Soft lock-in click when a piece lands. | E10: P0 | F10: OGG runtime one-shot; WAV source optional | G10: N/A audio; routed through AudioSystem volume/mute settings | H10: One-shot SFX | I10: audio/sfx/ | J10: Audit: 12 missing audio files covered by fallback; add final SFX before release. | Separated into SFX/audio workbook 2026-05-19. Visual 627x627 source-art rules do not apply to audio. | K10: Cheerful magical arcade cabinet feedback.
A11: ☐ | B11: sfx_board_hold_piece | C11: audio/sfx/board/ | D11: Magical swap sound for hold action. | E11: P0 | F11: OGG runtime one-shot; WAV source optional | G11: N/A audio; routed through AudioSystem volume/mute settings | H11: One-shot SFX | I11: audio/sfx/ | J11: Audit: 12 missing audio files covered by fallback; add final SFX before release. | Separated into SFX/audio workbook 2026-05-19. Visual 627x627 source-art rules do not apply to audio. | K11: Cheerful magical arcade cabinet feedback.
A12: ☐ | B12: sfx_board_swap_next_hold | C12: audio/sfx/board/ | D12: Readable queue swap sound for effects that swap Next/Hold. | E12: P1 | F12: OGG runtime one-shot; WAV source optional | G12: N/A audio; routed through AudioSystem volume/mute settings | H12: One-shot SFX | I12: audio/sfx/ | J12: Audit: 12 missing audio files covered by fallback; add final SFX before release. | Separated into SFX/audio workbook 2026-05-19. Visual 627x627 source-art rules do not apply to audio. | K12: Cheerful magical arcade cabinet feedback.
A13: ☐ | B13: sfx_board_line_clear | C13: audio/sfx/board/ | D13: Bright clear sound for one or small line clear. | E13: P0 | F13: OGG runtime one-shot; WAV source optional | G13: N/A audio; routed through AudioSystem volume/mute settings | H13: One-shot SFX | I13: audio/sfx/ | J13: Audit: 12 missing audio files covered by fallback; add final SFX before release. | Separated into SFX/audio workbook 2026-05-19. Visual 627x627 source-art rules do not apply to audio. | K13: Cheerful magical arcade cabinet feedback.
A14: ☐ | B14: sfx_board_line_clear_big | C14: audio/sfx/board/ | D14: Bigger sparkling clear sound for multi-line clear. | E14: P0 | F14: OGG runtime one-shot; WAV source optional | G14: N/A audio; routed through AudioSystem volume/mute settings | H14: One-shot SFX | I14: audio/sfx/ | J14: Audit: 12 missing audio files covered by fallback; add final SFX before release. | Separated into SFX/audio workbook 2026-05-19. Visual 627x627 source-art rules do not apply to audio. | K14: Cheerful magical arcade cabinet feedback.
A15: ☐ | B15: sfx_board_cascade_1 | C15: audio/sfx/board/ | D15: First cascade pop, small and satisfying. | E15: P0 | F15: OGG runtime one-shot; WAV source optional | G15: N/A audio; routed through AudioSystem volume/mute settings | H15: One-shot SFX | I15: audio/sfx/ | J15: Audit: 12 missing audio files covered by fallback; add final SFX before release. | Separated into SFX/audio workbook 2026-05-19. Visual 627x627 source-art rules do not apply to audio. | K15: Cheerful magical arcade cabinet feedback.
... A24: ☐ | B24: sfx_board_overflow_defeat | C24: audio/sfx/board/ | D24: Soft pile-collapse sound for overflow defeat, not scary. | E24: P0 | F24: OGG runtime one-shot; WAV source optional | G24: N/A audio; routed through AudioSystem volume/mute settings | H24: One-shot SFX | I24: audio/sfx/ | J24: Audit: 12 missing audio files covered by fallback; add final SFX before release. | Separated into SFX/audio workbook 2026-05-19. Visual 627x627 source-art rules do not apply to audio. | K24: Cheerful magical arcade cabinet feedback.

Sheet 04 SFX - Special Blocks
A1: 4. Sound Effect Assets — Special Blocks
A2: Tracking sheet generated from the uploaded markdown. Done? is unchecked by default.
A4: Done? | B4: Asset Key | C4: Suggested Folder | D4: Designer Description | E4: Priority | F4: Source / Export Size | G4: Runtime Render Size | H4: Exact Frames / Count | I4: Final Folder Structure (relative to public/assets) | J4: Audit / Release Note | K4: GDD Theme / Prompt Note
A5: ☐ | B5: sfx_block_sprinkle_clear | C5: audio/sfx/blocks/ | D5: Tiny candy sparkle when a Sprinkle Block clears. | E5: P1 | F5: OGG runtime one-shot; WAV source optional | G5: N/A audio; routed through AudioSystem volume/mute settings | H5: One-shot SFX | I5: audio/sfx/ | J5: Audit: 12 missing audio files covered by fallback; add final SFX before release. | Separated into SFX/audio workbook 2026-05-19. Visual 627x627 source-art rules do not apply to audio. | K5: Cheerful magical arcade cabinet feedback.
A6: ☐ | B6: sfx_block_cupcake_clear | C6: audio/sfx/blocks/ | D6: Soft frosting pop when a Cupcake Block heals. | E6: P1 | F6: OGG runtime one-shot; WAV source optional | G6: N/A audio; routed through AudioSystem volume/mute settings | H6: One-shot SFX | I6: audio/sfx/ | J6: Audit: 12 missing audio files covered by fallback; add final SFX before release. | Separated into SFX/audio workbook 2026-05-19. Visual 627x627 source-art rules do not apply to audio. | K6: Cheerful magical arcade cabinet feedback.
A7: ☐ | B7: sfx_block_bomb_explode | C7: audio/sfx/blocks/ | D7: Cute toy-bomb pop for Bomb Block explosion. | E7: P0 | F7: OGG runtime one-shot; WAV source optional | G7: N/A audio; routed through AudioSystem volume/mute settings | H7: One-shot SFX | I7: audio/sfx/ | J7: Audit: 12 missing audio files covered by fallback; add final SFX before release. | Separated into SFX/audio workbook 2026-05-19. Visual 627x627 source-art rules do not apply to audio. | K7: Cheerful magical arcade cabinet feedback.
A8: ☐ | B8: sfx_block_star_clear | C8: audio/sfx/blocks/ | D8: Magical star chime for Star Block clear. | E8: P1 | F8: OGG runtime one-shot; WAV source optional | G8: N/A audio; routed through AudioSystem volume/mute settings | H8: One-shot SFX | I8: audio/sfx/ | J8: Audit: 12 missing audio files covered by fallback; add final SFX before release. | Separated into SFX/audio workbook 2026-05-19. Visual 627x627 source-art rules do not apply to audio. | K8: Cheerful magical arcade cabinet feedback.
A9: ☐ | B9: sfx_block_jelly_bounce | C9: audio/sfx/blocks/ | D9: Wobbly jelly bounce sound during cascade/fall. | E9: P1 | F9: OGG runtime one-shot; WAV source optional | G9: N/A audio; routed through AudioSystem volume/mute settings | H9: One-shot SFX | I9: audio/sfx/ | J9: Audit: 12 missing audio files covered by fallback; add final SFX before release. | Separated into SFX/audio workbook 2026-05-19. Visual 627x627 source-art rules do not apply to audio. | K9: Cheerful magical arcade cabinet feedback.
A10: ☐ | B10: sfx_block_ice_crack | C10: audio/sfx/blocks/ | D10: Light ice crack for Ice Block break or thaw. | E10: P1 | F10: OGG runtime one-shot; WAV source optional | G10: N/A audio; routed through AudioSystem volume/mute settings | H10: One-shot SFX | I10: audio/sfx/ | J10: Audit: 12 missing audio files covered by fallback; add final SFX before release. | Separated into SFX/audio workbook 2026-05-19. Visual 627x627 source-art rules do not apply to audio. | K10: Cheerful magical arcade cabinet feedback.
A11: ☐ | B11: sfx_block_sticky_squish | C11: audio/sfx/blocks/ | D11: Sticky candy squish when Sticky Block moves or clears. | E11: P1 | F11: OGG runtime one-shot; WAV source optional | G11: N/A audio; routed through AudioSystem volume/mute settings | H11: One-shot SFX | I11: audio/sfx/ | J11: Audit: 12 missing audio files covered by fallback; add final SFX before release. | Separated into SFX/audio workbook 2026-05-19. Visual 627x627 source-art rules do not apply to audio. | K11: Cheerful magical arcade cabinet feedback.
A12: ☐ | B12: sfx_block_crumb_junk_land | C12: audio/sfx/blocks/ | D12: Crumbly junk landing sound, readable but not harsh. | E12: P0 | F12: OGG runtime one-shot; WAV source optional | G12: N/A audio; routed through AudioSystem volume/mute settings | H12: One-shot SFX | I12: audio/sfx/ | J12: Audit: 12 missing audio files covered by fallback; add final SFX before release. | Separated into SFX/audio workbook 2026-05-19. Visual 627x627 source-art rules do not apply to audio. | K12: Cheerful magical arcade cabinet feedback.
A13: ☐ | B13: sfx_block_royal_spawn | C13: audio/sfx/blocks/ | D13: Small royal trumpet pop when a Royal Block appears. | E13: P1 | F13: OGG runtime one-shot; WAV source optional | G13: N/A audio; routed through AudioSystem volume/mute settings | H13: One-shot SFX | I13: audio/sfx/ | J13: Audit: 12 missing audio files covered by fallback; add final SFX before release. | Separated into SFX/audio workbook 2026-05-19. Visual 627x627 source-art rules do not apply to audio. | K13: Cheerful magical arcade cabinet feedback.
A14: ☐ | B14: sfx_block_royal_clear | C14: audio/sfx/blocks/ | D14: Regal sparkle when a Royal Block is cleared. | E14: P1 | F14: OGG runtime one-shot; WAV source optional | G14: N/A audio; routed through AudioSystem volume/mute settings | H14: One-shot SFX | I14: audio/sfx/ | J14: Audit: 12 missing audio files covered by fallback; add final SFX before release. | Separated into SFX/audio workbook 2026-05-19. Visual 627x627 source-art rules do not apply to audio. | K14: Cheerful magical arcade cabinet feedback.
A15: ☐ | B15: sfx_block_confetti_pop | C15: audio/sfx/blocks/ | D15: Party popper burst for Confetti Block effect. | E15: P1 | F15: OGG runtime one-shot; WAV source optional | G15: N/A audio; routed through AudioSystem volume/mute settings | H15: One-shot SFX | I15: audio/sfx/ | J15: Audit: 12 missing audio files covered by fallback; add final SFX before release. | Separated into SFX/audio workbook 2026-05-19. Visual 627x627 source-art rules do not apply to audio. | K15: Cheerful magical arcade cabinet feedback.
... A22: ☐ | B22: sfx_block_cracked_junk_break | C22: audio/sfx/blocks/ | D22: Second hit crumble sound for Cracked Junk breaking. | E22: P2 | F22: OGG runtime one-shot; WAV source optional | G22: N/A audio; routed through AudioSystem volume/mute settings | H22: One-shot SFX | I22: audio/sfx/ | J22: Audit: 12 missing audio files covered by fallback; add final SFX before release. | Separated into SFX/audio workbook 2026-05-19. Visual 627x627 source-art rules do not apply to audio. | K22: Cheerful magical arcade cabinet feedback.

Sheet 05 SFX - Combat
A1: 5. Sound Effect Assets — Combat
A2: Tracking sheet generated from the uploaded markdown. Done? is unchecked by default.
A4: Done? | B4: Asset Key | C4: Suggested Folder | D4: Designer Description | E4: Priority | F4: Source / Export Size | G4: Runtime Render Size | H4: Exact Frames / Count | I4: Final Folder Structure (relative to public/assets) | J4: Audit / Release Note | K4: GDD Theme / Prompt Note
A5: ☐ | B5: sfx_combat_enemy_hit | C5: audio/sfx/combat/ | D5: Readable cute hit impact for enemy damage. | E5: P0 | F5: OGG runtime one-shot; WAV source optional | G5: N/A audio; routed through AudioSystem volume/mute settings | H5: One-shot SFX | I5: audio/sfx/ | J5: Audit: 12 missing audio files covered by fallback; add final SFX before release. | Separated into SFX/audio workbook 2026-05-19. Visual 627x627 source-art rules do not apply to audio. | K5: Cheerful magical arcade cabinet feedback.
A6: ☐ | B6: sfx_combat_enemy_defeat | C6: audio/sfx/combat/ | D6: Enemy poof/pop defeat sound, playful not violent. | E6: P0 | F6: OGG runtime one-shot; WAV source optional | G6: N/A audio; routed through AudioSystem volume/mute settings | H6: One-shot SFX | I6: audio/sfx/ | J6: Audit: 12 missing audio files covered by fallback; add final SFX before release. | Separated into SFX/audio workbook 2026-05-19. Visual 627x627 source-art rules do not apply to audio. | K6: Cheerful magical arcade cabinet feedback.
A7: ☐ | B7: sfx_combat_player_hit | C7: audio/sfx/combat/ | D7: Soft player hit cue that feels dangerous but lighthearted. | E7: P0 | F7: OGG runtime one-shot; WAV source optional | G7: N/A audio; routed through AudioSystem volume/mute settings | H7: One-shot SFX | I7: audio/sfx/ | J7: Audit: 12 missing audio files covered by fallback; add final SFX before release. | Separated into SFX/audio workbook 2026-05-19. Visual 627x627 source-art rules do not apply to audio. | K7: Cheerful magical arcade cabinet feedback.
A8: ☐ | B8: sfx_combat_player_heal | C8: audio/sfx/combat/ | D8: Warm sparkle for healing. | E8: P0 | F8: OGG runtime one-shot; WAV source optional | G8: N/A audio; routed through AudioSystem volume/mute settings | H8: One-shot SFX | I8: audio/sfx/ | J8: Audit: 12 missing audio files covered by fallback; add final SFX before release. | Separated into SFX/audio workbook 2026-05-19. Visual 627x627 source-art rules do not apply to audio. | K8: Cheerful magical arcade cabinet feedback.
A9: ☐ | B9: sfx_combat_player_shield_gain | C9: audio/sfx/combat/ | D9: Bubble/shield forming sound. | E9: P1 | F9: OGG runtime one-shot; WAV source optional | G9: N/A audio; routed through AudioSystem volume/mute settings | H9: One-shot SFX | I9: audio/sfx/ | J9: Audit: 12 missing audio files covered by fallback; add final SFX before release. | Separated into SFX/audio workbook 2026-05-19. Visual 627x627 source-art rules do not apply to audio. | K9: Cheerful magical arcade cabinet feedback.
A10: ☐ | B10: sfx_combat_shield_break | C10: audio/sfx/combat/ | D10: Tiny bubble crack when shield breaks. | E10: P1 | F10: OGG runtime one-shot; WAV source optional | G10: N/A audio; routed through AudioSystem volume/mute settings | H10: One-shot SFX | I10: audio/sfx/ | J10: Audit: 12 missing audio files covered by fallback; add final SFX before release. | Separated into SFX/audio workbook 2026-05-19. Visual 627x627 source-art rules do not apply to audio. | K10: Cheerful magical arcade cabinet feedback.
A11: ☐ | B11: sfx_combat_enemy_intent_warning | C11: audio/sfx/combat/ | D11: Attention cue when enemy intent becomes dangerous. | E11: P0 | F11: OGG runtime one-shot; WAV source optional | G11: N/A audio; routed through AudioSystem volume/mute settings | H11: One-shot SFX | I11: audio/sfx/ | J11: Audit: 12 missing audio files covered by fallback; add final SFX before release. | Separated into SFX/audio workbook 2026-05-19. Visual 627x627 source-art rules do not apply to audio. | K11: Cheerful magical arcade cabinet feedback.
A12: ☐ | B12: sfx_combat_enemy_attack_basic | C12: audio/sfx/combat/ | D12: Simple enemy attack pop/bonk. | E12: P0 | F12: OGG runtime one-shot; WAV source optional | G12: N/A audio; routed through AudioSystem volume/mute settings | H12: One-shot SFX | I12: audio/sfx/ | J12: Audit: 12 missing audio files covered by fallback; add final SFX before release. | Separated into SFX/audio workbook 2026-05-19. Visual 627x627 source-art rules do not apply to audio. | K12: Cheerful magical arcade cabinet feedback.
A13: ☐ | B13: sfx_combat_enemy_attack_junk | C13: audio/sfx/combat/ | D13: Crumb junk preparation/drop cue. | E13: P0 | F13: OGG runtime one-shot; WAV source optional | G13: N/A audio; routed through AudioSystem volume/mute settings | H13: One-shot SFX | I13: audio/sfx/ | J13: Audit: 12 missing audio files covered by fallback; add final SFX before release. | Separated into SFX/audio workbook 2026-05-19. Visual 627x627 source-art rules do not apply to audio. | K13: Cheerful magical arcade cabinet feedback.
A14: ☐ | B14: sfx_combat_enemy_attack_freeze | C14: audio/sfx/combat/ | D14: Frost wave cue for freeze enemy attack. | E14: P1 | F14: OGG runtime one-shot; WAV source optional | G14: N/A audio; routed through AudioSystem volume/mute settings | H14: One-shot SFX | I14: audio/sfx/ | J14: Audit: 12 missing audio files covered by fallback; add final SFX before release. | Separated into SFX/audio workbook 2026-05-19. Visual 627x627 source-art rules do not apply to audio. | K14: Cheerful magical arcade cabinet feedback.
A15: ☐ | B15: sfx_combat_enemy_attack_sleep | C15: audio/sfx/combat/ | D15: Yawn/sleep sparkle cue for Sleepy attacks. | E15: P1 | F15: OGG runtime one-shot; WAV source optional | G15: N/A audio; routed through AudioSystem volume/mute settings | H15: One-shot SFX | I15: audio/sfx/ | J15: Audit: 12 missing audio files covered by fallback; add final SFX before release. | Separated into SFX/audio workbook 2026-05-19. Visual 627x627 source-art rules do not apply to audio. | K15: Cheerful magical arcade cabinet feedback.
... A21: ☐ | B21: sfx_combat_defeat | C21: audio/sfx/combat/ | D21: Gentle defeat cue for Game Over transition. | E21: P0 | F21: OGG runtime one-shot; WAV source optional | G21: N/A audio; routed through AudioSystem volume/mute settings | H21: One-shot SFX | I21: audio/sfx/ | J21: Audit: 12 missing audio files covered by fallback; add final SFX before release. | Separated into SFX/audio workbook 2026-05-19. Visual 627x627 source-art rules do not apply to audio. | K21: Cheerful magical arcade cabinet feedback.

Sheet 06 SFX - Spells
A1: 6. Sound Effect Assets — Spells
A2: Tracking sheet generated from the uploaded markdown. Done? is unchecked by default.
A4: Done? | B4: Asset Key | C4: Suggested Folder | D4: Designer Description | E4: Priority | F4: Source / Export Size | G4: Runtime Render Size | H4: Exact Frames / Count | I4: Final Folder Structure (relative to public/assets) | J4: Audit / Release Note | K4: GDD Theme / Prompt Note
A5: ☐ | B5: sfx_spl_fireball_cast | C5: audio/sfx/spells/ | D5: Cast sound for Fireball. Fire damage; should feel like Pippa preheating the enemy. | E5: P1 | F5: OGG runtime one-shot; WAV source optional | G5: N/A audio; routed through AudioSystem volume/mute settings | H5: One-shot SFX | I5: audio/sfx/ | J5: Audit: 12 missing audio files covered by fallback; add final SFX before release. | Separated into SFX/audio workbook 2026-05-19. Visual 627x627 source-art rules do not apply to audio. | K5: Cheerful magical arcade cabinet feedback.
A6: ☐ | B6: sfx_spl_frost_lock_cast | C6: audio/sfx/spells/ | D6: Cast sound for Frost Lock. Control spell; chills fall speed or freezes enemy timing. | E6: P1 | F6: OGG runtime one-shot; WAV source optional | G6: N/A audio; routed through AudioSystem volume/mute settings | H6: One-shot SFX | I6: audio/sfx/ | J6: Audit: 12 missing audio files covered by fallback; add final SFX before release. | Separated into SFX/audio workbook 2026-05-19. Visual 627x627 source-art rules do not apply to audio. | K6: Cheerful magical arcade cabinet feedback.
A7: ☐ | B7: sfx_spl_bomb_rune_cast | C7: audio/sfx/spells/ | D7: Cast sound for Bomb Rune. Board-clear spell; creates a toy bomb area clear. | E7: P1 | F7: OGG runtime one-shot; WAV source optional | G7: N/A audio; routed through AudioSystem volume/mute settings | H7: One-shot SFX | I7: audio/sfx/ | J7: Audit: 12 missing audio files covered by fallback; add final SFX before release. | Separated into SFX/audio workbook 2026-05-19. Visual 627x627 source-art rules do not apply to audio. | K7: Cheerful magical arcade cabinet feedback.
A8: ☐ | B8: sfx_spl_clean_cut_cast | C8: audio/sfx/spells/ | D8: Cast sound for Clean Cut. Precise cleanup spell that clears a row or messy pattern. | E8: P1 | F8: OGG runtime one-shot; WAV source optional | G8: N/A audio; routed through AudioSystem volume/mute settings | H8: One-shot SFX | I8: audio/sfx/ | J8: Audit: 12 missing audio files covered by fallback; add final SFX before release. | Separated into SFX/audio workbook 2026-05-19. Visual 627x627 source-art rules do not apply to audio. | K8: Cheerful magical arcade cabinet feedback.
A9: ☐ | B9: sfx_spl_sprinkle_shower_cast | C9: audio/sfx/spells/ | D9: Cast sound for Sprinkle Shower. Candy mana spell that rains helpful sprinkles. | E9: P1 | F9: OGG runtime one-shot; WAV source optional | G9: N/A audio; routed through AudioSystem volume/mute settings | H9: One-shot SFX | I9: audio/sfx/ | J9: Audit: 12 missing audio files covered by fallback; add final SFX before release. | Separated into SFX/audio workbook 2026-05-19. Visual 627x627 source-art rules do not apply to audio. | K9: Cheerful magical arcade cabinet feedback.
A10: ☐ | B10: sfx_spl_cupcake_blast_cast | C10: audio/sfx/spells/ | D10: Cast sound for Cupcake Blast. Sweet damage/heal spell with frosting burst. | E10: P1 | F10: OGG runtime one-shot; WAV source optional | G10: N/A audio; routed through AudioSystem volume/mute settings | H10: One-shot SFX | I10: audio/sfx/ | J10: Audit: 12 missing audio files covered by fallback; add final SFX before release. | Separated into SFX/audio workbook 2026-05-19. Visual 627x627 source-art rules do not apply to audio. | K10: Cheerful magical arcade cabinet feedback.
A11: ☐ | B11: sfx_spl_confetti_pop_cast | C11: audio/sfx/spells/ | D11: Cast sound for Confetti Pop. Party spell that clears random cells with colorful chaos. | E11: P1 | F11: OGG runtime one-shot; WAV source optional | G11: N/A audio; routed through AudioSystem volume/mute settings | H11: One-shot SFX | I11: audio/sfx/ | J11: Audit: 12 missing audio files covered by fallback; add final SFX before release. | Separated into SFX/audio workbook 2026-05-19. Visual 627x627 source-art rules do not apply to audio. | K11: Cheerful magical arcade cabinet feedback.
A12: ☐ | B12: sfx_spl_bubble_shield_cast | C12: audio/sfx/spells/ | D12: Cast sound for Bubble Shield. Defensive spell that creates a soft protective bubble. | E12: P1 | F12: OGG runtime one-shot; WAV source optional | G12: N/A audio; routed through AudioSystem volume/mute settings | H12: One-shot SFX | I12: audio/sfx/ | J12: Audit: 12 missing audio files covered by fallback; add final SFX before release. | Separated into SFX/audio workbook 2026-05-19. Visual 627x627 source-art rules do not apply to audio. | K12: Cheerful magical arcade cabinet feedback.
A13: ☐ | B13: sfx_spl_star_spark_cast | C13: audio/sfx/spells/ | D13: Cast sound for Star Spark. Combo-scaling star spell for cascade play. | E13: P1 | F13: OGG runtime one-shot; WAV source optional | G13: N/A audio; routed through AudioSystem volume/mute settings | H13: One-shot SFX | I13: audio/sfx/ | J13: Audit: 12 missing audio files covered by fallback; add final SFX before release. | Separated into SFX/audio workbook 2026-05-19. Visual 627x627 source-art rules do not apply to audio. | K13: Cheerful magical arcade cabinet feedback.
A14: ☐ | B14: sfx_spl_jelly_bounce_cast | C14: audio/sfx/spells/ | D14: Cast sound for Jelly Bounce. Utility spell that delays enemy or bounces board pressure. | E14: P1 | F14: OGG runtime one-shot; WAV source optional | G14: N/A audio; routed through AudioSystem volume/mute settings | H14: One-shot SFX | I14: audio/sfx/ | J14: Audit: 12 missing audio files covered by fallback; add final SFX before release. | Separated into SFX/audio workbook 2026-05-19. Visual 627x627 source-art rules do not apply to audio. | K14: Cheerful magical arcade cabinet feedback.
A15: ☐ | B15: sfx_spl_snowcone_burst_cast | C15: audio/sfx/spells/ | D15: Cast sound for Snowcone Burst. Frost burst that delays or freezes enemy action. | E15: P1 | F15: OGG runtime one-shot; WAV source optional | G15: N/A audio; routed through AudioSystem volume/mute settings | H15: One-shot SFX | I15: audio/sfx/ | J15: Audit: 12 missing audio files covered by fallback; add final SFX before release. | Separated into SFX/audio workbook 2026-05-19. Visual 627x627 source-art rules do not apply to audio. | K15: Cheerful magical arcade cabinet feedback.
... A19: ☐ | B19: sfx_spl_cascade_cheer_cast | C19: audio/sfx/spells/ | D19: Cast sound for Cascade Cheer. Combo support spell that boosts next cascade reward. | E19: P1 | F19: OGG runtime one-shot; WAV source optional | G19: N/A audio; routed through AudioSystem volume/mute settings | H19: One-shot SFX | I19: audio/sfx/ | J19: Audit: 12 missing audio files covered by fallback; add final SFX before release. | Separated into SFX/audio workbook 2026-05-19. Visual 627x627 source-art rules do not apply to audio. | K19: Cheerful magical arcade cabinet feedback.

Sheet 07 SFX - UI
A1: 7. Sound Effect Assets — UI
A2: Tracking sheet generated from the uploaded markdown. Done? is unchecked by default.
A4: Done? | B4: Asset Key | C4: Suggested Folder | D4: Designer Description | E4: Priority | F4: Source / Export Size | G4: Runtime Render Size | H4: Exact Frames / Count | I4: Final Folder Structure (relative to public/assets) | J4: Audit / Release Note | K4: GDD Theme / Prompt Note
A5: ☐ | B5: sfx_ui_button_tap | C5: audio/sfx/ui/ | D5: Light tap for common button press. | E5: P0 | F5: OGG runtime one-shot; WAV source optional | G5: N/A audio; routed through AudioSystem volume/mute settings | H5: One-shot SFX | I5: audio/sfx/ | J5: Audit: 12 missing audio files covered by fallback; add final SFX before release. | Separated into SFX/audio workbook 2026-05-19. Visual 627x627 source-art rules do not apply to audio. | K5: Cheerful magical arcade cabinet feedback.
A6: ☐ | B6: sfx_ui_button_confirm | C6: audio/sfx/ui/ | D6: Positive confirmation cue for accepted action. | E6: P0 | F6: OGG runtime one-shot; WAV source optional | G6: N/A audio; routed through AudioSystem volume/mute settings | H6: One-shot SFX | I6: audio/sfx/ | J6: Audit: 12 missing audio files covered by fallback; add final SFX before release. | Separated into SFX/audio workbook 2026-05-19. Visual 627x627 source-art rules do not apply to audio. | K6: Cheerful magical arcade cabinet feedback.
A7: ☐ | B7: sfx_ui_button_cancel | C7: audio/sfx/ui/ | D7: Soft back/cancel cue. | E7: P0 | F7: OGG runtime one-shot; WAV source optional | G7: N/A audio; routed through AudioSystem volume/mute settings | H7: One-shot SFX | I7: audio/sfx/ | J7: Audit: 12 missing audio files covered by fallback; add final SFX before release. | Separated into SFX/audio workbook 2026-05-19. Visual 627x627 source-art rules do not apply to audio. | K7: Cheerful magical arcade cabinet feedback.
A8: ☐ | B8: sfx_ui_button_disabled | C8: audio/sfx/ui/ | D8: Cute blocked cue for invalid/disabled action. | E8: P0 | F8: OGG runtime one-shot; WAV source optional | G8: N/A audio; routed through AudioSystem volume/mute settings | H8: One-shot SFX | I8: audio/sfx/ | J8: Audit: 12 missing audio files covered by fallback; add final SFX before release. | Separated into SFX/audio workbook 2026-05-19. Visual 627x627 source-art rules do not apply to audio. | K8: Cheerful magical arcade cabinet feedback.
A9: ☐ | B9: sfx_ui_menu_open | C9: audio/sfx/ui/ | D9: Panel opening sound with magical slide. | E9: P1 | F9: OGG runtime one-shot; WAV source optional | G9: N/A audio; routed through AudioSystem volume/mute settings | H9: One-shot SFX | I9: audio/sfx/ | J9: Audit: 12 missing audio files covered by fallback; add final SFX before release. | Separated into SFX/audio workbook 2026-05-19. Visual 627x627 source-art rules do not apply to audio. | K9: Cheerful magical arcade cabinet feedback.
A10: ☐ | B10: sfx_ui_menu_close | C10: audio/sfx/ui/ | D10: Panel closing sound with soft click. | E10: P1 | F10: OGG runtime one-shot; WAV source optional | G10: N/A audio; routed through AudioSystem volume/mute settings | H10: One-shot SFX | I10: audio/sfx/ | J10: Audit: 12 missing audio files covered by fallback; add final SFX before release. | Separated into SFX/audio workbook 2026-05-19. Visual 627x627 source-art rules do not apply to audio. | K10: Cheerful magical arcade cabinet feedback.
A11: ☐ | B11: sfx_ui_card_flip | C11: audio/sfx/ui/ | D11: Reward/card reveal flip sound. | E11: P1 | F11: OGG runtime one-shot; WAV source optional | G11: N/A audio; routed through AudioSystem volume/mute settings | H11: One-shot SFX | I11: audio/sfx/ | J11: Audit: 12 missing audio files covered by fallback; add final SFX before release. | Separated into SFX/audio workbook 2026-05-19. Visual 627x627 source-art rules do not apply to audio. | K11: Cheerful magical arcade cabinet feedback.
A12: ☐ | B12: sfx_ui_reward_pick | C12: audio/sfx/ui/ | D12: Sparkly cue for choosing a reward. | E12: P0 | F12: OGG runtime one-shot; WAV source optional | G12: N/A audio; routed through AudioSystem volume/mute settings | H12: One-shot SFX | I12: audio/sfx/ | J12: Audit: 12 missing audio files covered by fallback; add final SFX before release. | Separated into SFX/audio workbook 2026-05-19. Visual 627x627 source-art rules do not apply to audio. | K12: Cheerful magical arcade cabinet feedback.
A13: ☐ | B13: sfx_ui_shop_purchase | C13: audio/sfx/ui/ | D13: Cash/register bell for successful purchase. | E13: P0 | F13: OGG runtime one-shot; WAV source optional | G13: N/A audio; routed through AudioSystem volume/mute settings | H13: One-shot SFX | I13: audio/sfx/ | J13: Audit: 12 missing audio files covered by fallback; add final SFX before release. | Separated into SFX/audio workbook 2026-05-19. Visual 627x627 source-art rules do not apply to audio. | K13: Cheerful magical arcade cabinet feedback.
A14: ☐ | B14: sfx_ui_shop_error | C14: audio/sfx/ui/ | D14: Friendly error cue for not enough gold. | E14: P0 | F14: OGG runtime one-shot; WAV source optional | G14: N/A audio; routed through AudioSystem volume/mute settings | H14: One-shot SFX | I14: audio/sfx/ | J14: Audit: 12 missing audio files covered by fallback; add final SFX before release. | Separated into SFX/audio workbook 2026-05-19. Visual 627x627 source-art rules do not apply to audio. | K14: Cheerful magical arcade cabinet feedback.
A15: ☐ | B15: sfx_ui_inventory_open | C15: audio/sfx/ui/ | D15: Bag/pouch opening sound for inventory panel. | E15: P1 | F15: OGG runtime one-shot; WAV source optional | G15: N/A audio; routed through AudioSystem volume/mute settings | H15: One-shot SFX | I15: audio/sfx/ | J15: Audit: 12 missing audio files covered by fallback; add final SFX before release. | Separated into SFX/audio workbook 2026-05-19. Visual 627x627 source-art rules do not apply to audio. | K15: Cheerful magical arcade cabinet feedback.
... A23: ☐ | B23: sfx_ui_map_path_unlock | C23: audio/sfx/ui/ | D23: Map route unlock sparkle/path draw cue. | E23: P1 | F23: OGG runtime one-shot; WAV source optional | G23: N/A audio; routed through AudioSystem volume/mute settings | H23: One-shot SFX | I23: audio/sfx/ | J23: Audit: 12 missing audio files covered by fallback; add final SFX before release. | Separated into SFX/audio workbook 2026-05-19. Visual 627x627 source-art rules do not apply to audio. | K23: Cheerful magical arcade cabinet feedback.
